Costs,QALYs,Incremental Costs,QALYs Gained,ICER
4967.24,2.08678,,,
5027.36,2.08492,60.12,-0.00186,-32253.47
4531.12,2.08957,-436.13,0.00279,-156271.85
