"","Strategy","Costs","QALYs","delta_Costs","delta_QALYs","ICER","Note"
"1","ICS-LABA",63563.5358741618,22.0624810380763,-11431.2954058801,0.0152396697113311,-750101.256943953,"dominant"
"2","No treatment",74461.2908220866,22.0530542064167,0,0,NA,"dominated"
"3","Epinephrine",74994.8312800419,22.047241368365,0,0,NA,"comparison"
