"Costs","QALYs","Incremental Costs","QALYs Gained","ICER"
3737.34,2.08598,"","",""
3808.64,2.08483,"71.31","-0.00115","-61883.56"
3808.65,2.08518,"71.32","-0.00081","-88239.59"
